{
    "name": "noswot_0_100",
    "bilevel_type": "optimistic",
    "status": "open with feasible point",
    "difficulty": "hard",
    "objective_value": -41.0,
    "upper_level_decisions": {
        "x1": 1.0,
        "x2": 0.0,
        "x3": 0.0,
        "x4": 0.0,
        "x5": 0.0,
        "x6": 0.0,
        "x7": 0.0,
        "x8": 0.0,
        "x9": 0.0,
        "x10": 0.0,
        "x11": 0.0,
        "x12": 0.0,
        "x13": 0.0,
        "x14": 1.0,
        "x15": 0.0,
        "x16": 0.0,
        "x17": 1.0,
        "x18": 0.0,
        "x19": 1.0,
        "x20": 0.0,
        "x21": 0.0,
        "x22": 1.0,
        "x23": 1.0,
        "x24": 1.0,
        "x25": 1.0,
        "x26": 0.0,
        "x27": 1.0,
        "x28": 1.0,
        "x29": 1.0,
        "x30": 0.0,
        "x31": 0.0,
        "x32": 1.0,
        "x33": 1.0,
        "x34": 1.0,
        "x35": 1.0,
        "x36": 1.0,
        "x37": 0.0,
        "x38": 1.0,
        "x39": 1.0,
        "x40": 0.0,
        "x41": 0.0,
        "x42": 1.0,
        "x43": 1.0,
        "x44": 1.0,
        "x45": 0.0,
        "x46": 0.0,
        "x47": 1.0,
        "x48": 1.0,
        "x49": 1.0,
        "x50": 1.0,
        "x51": 1.0,
        "x52": 2.0,
        "x53": 1.0,
        "x54": 8.0,
        "x55": 1.0,
        "x56": 9.0,
        "x57": 1.0,
        "x58": 7.0,
        "x59": 1.0,
        "x60": 7.0,
        "x61": 1.0,
        "x62": 5.0,
        "x63": 0.0,
        "x64": 0.0
    },
    "lower_level_decisions": {
        "x65": 0.0,
        "x66": 0.0,
        "x67": 0.0,
        "x68": 0.0,
        "x69": 0.0,
        "x70": 0.0,
        "x71": 0.0,
        "x72": 0.0,
        "x73": 0.0,
        "x74": 0.0,
        "x75": 0.0,
        "x76": 0.0,
        "x77": 0.0,
        "x78": 0.0,
        "x79": 0.0,
        "x80": 0.0,
        "x81": 0.0,
        "x82": 0.0,
        "x83": 0.0,
        "x84": 0.0,
        "x85": 0.0,
        "x86": 0.0,
        "x87": 1.0,
        "x88": 1.0,
        "x89": 0.0,
        "x90": 0.0,
        "x91": 0.0,
        "x92": 0.0,
        "x93": 1.0,
        "x94": 1.0,
        "x95": 0.0,
        "x96": 0.0,
        "x97": 1.0,
        "x98": 1.0,
        "x99": 0.0,
        "x100": 0.0,
        "x101": 0.0,
        "x102": 0.0,
        "x103": 1.2502991,
        "x104": -0.0,
        "x105": 1.4168993,
        "x106": 5.1189995,
        "x107": 0.0,
        "x108": 0.0,
        "x109": 0.0,
        "x110": 0.0,
        "x111": 0.0,
        "x112": 0.0,
        "x113": 0.0,
        "x114": 0.0,
        "x115": 0.0,
        "x116": 0.0,
        "x117": 0.0,
        "x118": 0.0,
        "x119": 14.8331007,
        "x120": 0.0,
        "x121": 0.0,
        "x122": 16.9164008,
        "x123": 0.0,
        "x124": 17.9166999,
        "x125": 0.0,
        "x126": 0.0,
        "x127": 0.0,
        "x128": 0.0
    }
}